PO2301170000000006	15	22301170000000001	LBT01504	#0071 YELLOW SLEEVELESS asstd color	BOX	111123000000010001	222223000000010001	333323000000010001	444423000000010001	555523000000010001	666623000000010001	1/15	LBT01504	W-001	10.00
PO2301170000000006	15	22301170000000001	LBT01504	#0071 YELLOW SLEEVELESS asstd color	BOX	111123000000010002	222223000000010002	333323000000010002	444423000000010002	555523000000010002	666623000000010002	2/15	LBT01504	W-001	10.00
PO2301170000000006	15	22301170000000001	LBT01504	#0071 YELLOW SLEEVELESS asstd color	BOX	111123000000010003	222223000000010003	333323000000010003	444423000000010003	555523000000010003	666623000000010003	3/15	LBT01504	W-001	10.00
PO2301170000000006	15	22301170000000001	LBT01504	#0071 YELLOW SLEEVELESS asstd color	BOX	111123000000010004	222223000000010004	333323000000010004	444423000000010004	555523000000010004	666623000000010004	4/15	LBT01504	W-001	10.00
PO2301170000000006	15	22301170000000001	LBT01504	#0071 YELLOW SLEEVELESS asstd color	BOX	111123000000010005	222223000000010005	333323000000010005	444423000000010005	555523000000010005	666623000000010005	5/15	LBT01504	W-001	10.00
PO2301170000000006	15	22301170000000001	LBT01504	#0071 YELLOW SLEEVELESS asstd color	BOX	111123000000010006	222223000000010006	333323000000010006	444423000000010006	555523000000010006	666623000000010006	6/15	LBT01504	W-001	10.00
PO2301170000000006	15	22301170000000001	LBT01504	#0071 YELLOW SLEEVELESS asstd color	BOX	111123000000010007	222223000000010007	333323000000010007	444423000000010007	555523000000010007	666623000000010007	7/15	LBT01504	W-001	10.00
PO2301170000000006	15	22301170000000001	LBT01504	#0071 YELLOW SLEEVELESS asstd color	BOX	111123000000010008	222223000000010008	333323000000010008	444423000000010008	555523000000010008	666623000000010008	8/15	LBT01504	W-001	10.00
PO2301170000000006	15	22301170000000001	LBT01504	#0071 YELLOW SLEEVELESS asstd color	BOX	111123000000010009	222223000000010009	333323000000010009	444423000000010009	555523000000010009	666623000000010009	9/15	LBT01504	W-001	10.00
PO2301170000000006	15	22301170000000001	LBT01504	#0071 YELLOW SLEEVELESS asstd color	BOX	111123000000010010	222223000000010010	333323000000010010	444423000000010010	555523000000010010	666623000000010010	10/15	LBT01504	W-001	10.00
PO2301170000000006	15	22301170000000001	LBT01504	#0071 YELLOW SLEEVELESS asstd color	BOX	111123000000010011	222223000000010011	333323000000010011	444423000000010011	555523000000010011	666623000000010011	11/15	LBT01504	W-001	10.00
PO2301170000000006	15	22301170000000001	LBT01504	#0071 YELLOW SLEEVELESS asstd color	BOX	111123000000010012	222223000000010012	333323000000010012	444423000000010012	555523000000010012	666623000000010012	12/15	LBT01504	W-001	10.00
PO2301170000000006	15	22301170000000001	LBT01504	#0071 YELLOW SLEEVELESS asstd color	BOX	111123000000010013	222223000000010013	333323000000010013	444423000000010013	555523000000010013	666623000000010013	13/15	LBT01504	W-001	10.00
PO2301170000000006	15	22301170000000001	LBT01504	#0071 YELLOW SLEEVELESS asstd color	BOX	111123000000010014	222223000000010014	333323000000010014	444423000000010014	555523000000010014	666623000000010014	14/15	LBT01504	W-001	10.00
PO2301170000000006	15	22301170000000001	LBT01504	#0071 YELLOW SLEEVELESS asstd color	BOX	111123000000010015	222223000000010015	333323000000010015	444423000000010015	555523000000010015	666623000000010015	15/15	LBT01504	W-001	10.00
